{
  "vectors": [
    {
      "label": "w1 (up)",
      "x": 0.7071067811865475,
      "y": 0.4082482904638631,
      "r": 0.816496580927726,
      "color": [
        1.0,
        0.3,
        0.3
      ]
    },
    {
      "label": "w2 (up-left)",
      "x": -0.7071067811865475,
      "y": 0.4082482904638631,
      "r": 0.816496580927726,
      "color": [
        0.3,
        0.6,
        1.0
      ]
    },
    {
      "label": "w3 (down)",
      "x": 0.0,
      "y": -0.816496580927726,
      "r": 0.816496580927726,
      "color": [
        0.3,
        1.0,
        0.3
      ]
    }
  ],
  "r_squared": 0.6666666666666666,
  "angles": [
    120.0,
    120.0,
    120.0
  ],
  "koide": {
    "K_experiment": 0.6666605114773855,
    "K_theory": 0.6666666666666666,
    "deviation": -6.155189281153994e-06
  },
  "identity": "sum(n * w_hat_i)^2 = 3/2 for all n"
}