{
  "c1": 0.5831869854861925,
  "xi_effective": 1.3176470588235294,
  "profile_r": [
    0.0,
    0.03137254901960784,
    0.06274509803921569,
    0.09411764705882353,
    0.12549019607843137,
    0.1568627450980392,
    0.18823529411764706,
    0.2196078431372549,
    0.25098039215686274,
    0.2823529411764706,
    0.3137254901960784,
    0.34509803921568627,
    0.3764705882352941,
    0.40784313725490196,
    0.4392156862745098,
    0.47058823529411764,
    0.5019607843137255,
    0.5333333333333333,
    0.5647058823529412,
    0.596078431372549,
    0.6274509803921569,
    0.6588235294117647,
    0.6901960784313725,
    0.7215686274509804,
    0.7529411764705882,
    0.7843137254901961,
    0.8156862745098039,
    0.8470588235294118,
    0.8784313725490196,
    0.9098039215686274,
    0.9411764705882353,
    0.9725490196078431,
    1.003921568627451,
    1.0352941176470587,
    1.0666666666666667,
    1.0980392156862746,
    1.1294117647058823,
    1.16078431372549,
    1.192156862745098,
    1.223529411764706,
    1.2549019607843137,
    1.2862745098039214,
    1.3176470588235294,
    1.3490196078431373,
    1.380392156862745,
    1.4117647058823528,
    1.4431372549019608,
    1.4745098039215687,
    1.5058823529411764,
    1.5372549019607842,
    1.5686274509803921,
    1.6,
    1.6313725490196078,
    1.6627450980392156,
    1.6941176470588235,
    1.7254901960784315,
    1.7568627450980392,
    1.788235294117647,
    1.8196078431372549,
    1.8509803921568628,
    1.8823529411764706,
    1.9137254901960783,
    1.9450980392156862,
    1.9764705882352942,
    2.007843137254902,
    2.0392156862745097,
    2.0705882352941174,
    2.1019607843137256,
    2.1333333333333333,
    2.164705882352941,
    2.196078431372549,
    2.227450980392157,
    2.2588235294117647,
    2.2901960784313724,
    2.32156862745098,
    2.3529411764705883,
    2.384313725490196,
    2.4156862745098038,
    2.447058823529412,
    2.4784313725490197,
    2.5098039215686274,
    2.541176470588235,
    2.572549019607843,
    2.603921568627451,
    2.635294117647059,
    2.6666666666666665,
    2.6980392156862747,
    2.7294117647058824,
    2.76078431372549,
    2.792156862745098,
    2.8235294117647056,
    2.854901960784314,
    2.8862745098039215,
    2.9176470588235293,
    2.9490196078431374,
    2.980392156862745,
    3.011764705882353,
    3.0431372549019606,
    3.0745098039215684,
    3.1058823529411765,
    3.1372549019607843,
    3.168627450980392,
    3.2,
    3.231372549019608,
    3.2627450980392156,
    3.2941176470588234,
    3.325490196078431,
    3.3568627450980393,
    3.388235294117647,
    3.4196078431372547,
    3.450980392156863,
    3.4823529411764707,
    3.5137254901960784,
    3.545098039215686,
    3.576470588235294,
    3.607843137254902,
    3.6392156862745098,
    3.6705882352941175,
    3.7019607843137257,
    3.7333333333333334,
    3.764705882352941,
    3.796078431372549,
    3.8274509803921566,
    3.8588235294117648,
    3.8901960784313725,
    3.9215686274509802,
    3.9529411764705884,
    3.984313725490196,
    4.015686274509804,
    4.047058823529412,
    4.078431372549019,
    4.109803921568627,
    4.141176470588235,
    4.172549019607843,
    4.203921568627451,
    4.235294117647059,
    4.266666666666667,
    4.298039215686274,
    4.329411764705882,
    4.36078431372549,
    4.392156862745098,
    4.423529411764706,
    4.454901960784314,
    4.486274509803922,
    4.517647058823529,
    4.549019607843137,
    4.580392156862745,
    4.6117647058823525,
    4.64313725490196,
    4.674509803921569,
    4.705882352941177,
    4.737254901960784,
    4.768627450980392,
    4.8,
    4.8313725490196076,
    4.862745098039215,
    4.894117647058824,
    4.925490196078432,
    4.956862745098039,
    4.988235294117647,
    5.019607843137255,
    5.050980392156863,
    5.08235294117647,
    5.113725490196078,
    5.145098039215686,
    5.176470588235294,
    5.207843137254902,
    5.23921568627451,
    5.270588235294118,
    5.301960784313725,
    5.333333333333333,
    5.364705882352941,
    5.396078431372549,
    5.427450980392157,
    5.458823529411765,
    5.490196078431373,
    5.52156862745098,
    5.552941176470588,
    5.584313725490196,
    5.6156862745098035,
    5.647058823529411,
    5.67843137254902,
    5.709803921568628,
    5.741176470588235,
    5.772549019607843,
    5.803921568627451,
    5.8352941176470585,
    5.866666666666666,
    5.898039215686275,
    5.929411764705883,
    5.96078431372549,
    5.992156862745098,
    6.023529411764706,
    6.0549019607843135,
    6.086274509803921,
    6.117647058823529,
    6.149019607843137,
    6.180392156862745,
    6.211764705882353,
    6.243137254901961,
    6.2745098039215685,
    6.305882352941176,
    6.337254901960784,
    6.368627450980392,
    6.4,
    6.431372549019608,
    6.462745098039216,
    6.4941176470588236,
    6.525490196078431,
    6.556862745098039,
    6.588235294117647,
    6.6196078431372545,
    6.650980392156862,
    6.682352941176471,
    6.713725490196079,
    6.745098039215686,
    6.776470588235294,
    6.807843137254902,
    6.8392156862745095,
    6.870588235294117,
    6.901960784313726,
    6.933333333333334,
    6.964705882352941,
    6.996078431372549,
    7.027450980392157,
    7.0588235294117645,
    7.090196078431372,
    7.12156862745098,
    7.152941176470588,
    7.184313725490196,
    7.215686274509804,
    7.247058823529412,
    7.2784313725490195,
    7.309803921568627,
    7.341176470588235,
    7.372549019607843,
    7.403921568627451,
    7.435294117647059,
    7.466666666666667,
    7.4980392156862745,
    7.529411764705882,
    7.56078431372549,
    7.592156862745098,
    7.623529411764705,
    7.654901960784313,
    7.686274509803922,
    7.7176470588235295,
    7.749019607843137,
    7.780392156862745,
    7.811764705882353,
    7.8431372549019605,
    7.874509803921568,
    7.905882352941177,
    7.9372549019607845,
    7.968627450980392,
    8.0
  ],