{
  "sigma_koide": 0.16070178119552023,
  "sigma_cp2": 0.06310744190283009,
  "eight_over_pi": 2.5464790894703255,
  "ratio_verified": 2.5464790894703255,
  "c1R_over_c0_at_koide": 1.4142135592938356,
  "K_at_koide": 0.6666666652150898,
  "deviation_from_sqrt2": -3.0792595140383128e-09,
  "H_CP2": 4.0,
  "Vol_S1": 6.283185307179586,
  "Vol_SO3": 9.869604401089358,
  "geometric_product": 2.5464790894703255,
  "sensitivity": -4.699082346570904
}