{
  "M_KK": 5.2e+17,
  "M_Z": 91.1876,
  "alpha_s_exp": 0.1181,
  "alpha_s_exp_err": 0.0011,
  "SCVC_range": {
    "min": 0.02857142857142857,
    "max": 0.04
  },
  "alpha_KK_SM_extrapolated": 0.01988507448973604,
  "critical_alpha_KK": 0.9999999999995457,
  "landau_poles": {
    "1_35": 11809.725555285344,
    "1_30": 1050385.8971572448,
    "1_25": 93423892.68758689
  }
}